event_id,restaurant_id,restaurant_name,photo_url,event_title,event_start_date,event_end_date
336644,18856789,AIR- An Ivory Region,https://www.zomato.com/ncr/air-an-ivory-region-punjabi-bagh-new-delhi/photos?utm_source=api_basic_user&utm_medium=api&utm_campaign=v2.1#tabtop,Dhol Bhangra Night,2019-04-10,2019-04-11
336889,18382360,Local,https://www.zomato.com/ncr/local-connaught-place-new-delhi/photos?utm_source=api_basic_user&utm_medium=api&utm_campaign=v2.1#tabtop,Cocktail Wednesday,2019-04-10,2019-04-10
336888,18382360,Local,https://www.zomato.com/ncr/local-connaught-place-new-delhi/photos?utm_source=api_basic_user&utm_medium=api&utm_campaign=v2.1#tabtop,Cocktail Wednesday,2019-04-10,2019-04-10
336890,18382360,Local,https://www.zomato.com/ncr/local-connaught-place-new-delhi/photos?utm_source=api_basic_user&utm_medium=api&utm_campaign=v2.1#tabtop,Cocktail Wednesday,2019-04-10,2019-04-10
336894,18382360,Local,https://www.zomato.com/ncr/local-connaught-place-new-delhi/photos?utm_source=api_basic_user&utm_medium=api&utm_campaign=v2.1#tabtop,Hip Hop Friday,2019-04-12,2019-04-12
336903,18382360,Local,https://www.zomato.com/ncr/local-connaught-place-new-delhi/photos?utm_source=api_basic_user&utm_medium=api&utm_campaign=v2.1#tabtop,Urban Saturday,2019-04-13,2019-04-13
336622,18466951,Jungle Jamboree,https://www.zomato.com/ncr/jungle-jamboree-sector-34-noida/photos?utm_source=api_basic_user&utm_medium=api&utm_campaign=v2.1#tabtop,Special Navratras Thali at just @399 +Taxes at Jungle Jamboree,2019-04-08,2019-04-13
336251,18337893,The Luggage Room Kitchen And Bar,https://www.zomato.com/TheLuggageRoom/photos?utm_source=api_basic_user&utm_medium=api&utm_campaign=v2.1#tabtop,Commercial Night,2019-04-10,2019-04-11
336248,18337893,The Luggage Room Kitchen And Bar,https://www.zomato.com/TheLuggageRoom/photos?utm_source=api_basic_user&utm_medium=api&utm_campaign=v2.1#tabtop,Ladies Night,2019-04-11,2019-04-11
337099,18571735,Dum Laga Ke Haishaa,https://www.zomato.com/kolkata/dum-laga-ke-haishaa-sector-5-salt-lake/photos?utm_source=api_basic_user&utm_medium=api&utm_campaign=v2.1#tabtop,Live Sports Screening,2019-04-09,2019-05-18
337096,18571735,Dum Laga Ke Haishaa,https://www.zomato.com/kolkata/dum-laga-ke-haishaa-sector-5-salt-lake/photos?utm_source=api_basic_user&utm_medium=api&utm_campaign=v2.1#tabtop,Poila Baishak,2019-04-14,2019-04-15
337102,18571735,Dum Laga Ke Haishaa,https://www.zomato.com/kolkata/dum-laga-ke-haishaa-sector-5-salt-lake/photos?utm_source=api_basic_user&utm_medium=api&utm_campaign=v2.1#tabtop,Poila Baishak Special,2019-04-14,2019-04-15
334818,18398880,JW Kitchen - JW Marriott Hotel Kolkata,https://www.zomato.com/kolkata/jw-kitchen-jw-marriott-hotel-kolkata-science-city-area/photos?utm_source=api_basic_user&utm_medium=api&utm_campaign=v2.1#tabtop,Poila Baishakh Buffet ,2019-04-15,2019-04-15
337247,18761167,Echoes Kolkata,https://www.zomato.com/kolkata/echoes-kolkata-topsia/photos?utm_source=api_basic_user&utm_medium=api&utm_campaign=v2.1#tabtop,Celebrate Poila Boishak with Echoes,2019-04-15,2019-04-15
333108,18751849,Five Mad Men,https://www.zomato.com/kolkata/five-mad-men-1-sector-5-salt-lake/photos?utm_source=api_basic_user&utm_medium=api&utm_campaign=v2.1#tabtop,Apna Stadium Khud Chuno - IPL 2019 Big Match Day,2019-04-03,2019-05-05
334920,18751849,Five Mad Men,https://www.zomato.com/kolkata/five-mad-men-1-sector-5-salt-lake/photos?utm_source=api_basic_user&utm_medium=api&utm_campaign=v2.1#tabtop,Ladies Night,2019-04-11,2019-04-11
334922,18751849,Five Mad Men,https://www.zomato.com/kolkata/five-mad-men-1-sector-5-salt-lake/photos?utm_source=api_basic_user&utm_medium=api&utm_campaign=v2.1#tabtop,Game of Thrones - Special Screening of season 8,2019-04-15,2019-04-15
336892,18392725,Tamasha,https://www.zomato.com/mumbai/tamasha-lower-parel/photos?utm_source=api_basic_user&utm_medium=api&utm_campaign=v2.1#tabtop,Bombay Velvet,2019-04-11,2019-04-12
336898,18392725,Tamasha,https://www.zomato.com/mumbai/tamasha-lower-parel/photos?utm_source=api_basic_user&utm_medium=api&utm_campaign=v2.1#tabtop,Zulfi Performing Live,2019-04-12,2019-04-13
336881,18566818,JLWA,https://www.zomato.com/mumbai/jlwa-linking-road-bandra-west/photos?utm_source=api_basic_user&utm_medium=api&utm_campaign=v2.1#tabtop,Juggy & Band Live,2019-04-10,2019-04-11
318235,48851,Rude Lounge,https://www.zomato.com/mumbai/rude-lounge-powai/photos?utm_source=api_basic_user&utm_medium=api&utm_campaign=v2.1#tabtop,Zumba Fitness with ZIN Mohsin & ZIN Varsha at Rude Powai,2019-04-20,2019-04-20
337298,18205932,The Cult - Peninsula Grand Hotel,https://www.zomato.com/mumbai/the-cult-peninsula-grand-hotel-sakinaka/photos?utm_source=api_basic_user&utm_medium=api&utm_campaign=v2.1#tabtop,Happy Hours ,2019-04-09,2020-05-29
336620,18205932,The Cult - Peninsula Grand Hotel,https://www.zomato.com/mumbai/the-cult-peninsula-grand-hotel-sakinaka/photos?utm_source=api_basic_user&utm_medium=api&utm_campaign=v2.1#tabtop,Glam & Glitz Bolly Molly Ladies Retro Night,2019-04-10,2019-04-11
336992,18205932,The Cult - Peninsula Grand Hotel,https://www.zomato.com/mumbai/the-cult-peninsula-grand-hotel-sakinaka/photos?utm_source=api_basic_user&utm_medium=api&utm_campaign=v2.1#tabtop,MTV Swag Ladies Night ,2019-04-11,2019-04-12
337480,18205932,The Cult - Peninsula Grand Hotel,https://www.zomato.com/mumbai/the-cult-peninsula-grand-hotel-sakinaka/photos?utm_source=api_basic_user&utm_medium=api&utm_campaign=v2.1#tabtop,Friday Night,2019-04-12,2019-04-13
337300,18205932,The Cult - Peninsula Grand Hotel,https://www.zomato.com/mumbai/the-cult-peninsula-grand-hotel-sakinaka/photos?utm_source=api_basic_user&utm_medium=api&utm_campaign=v2.1#tabtop,Saturday Night,2019-04-13,2019-04-14
337023,18205932,The Cult - Peninsula Grand Hotel,https://www.zomato.com/mumbai/the-cult-peninsula-grand-hotel-sakinaka/photos?utm_source=api_basic_user&utm_medium=api&utm_campaign=v2.1#tabtop,Sunday Night ,2019-04-14,2019-04-15
336281,18580259,Coffee Culture,https://www.zomato.com/mumbai/coffee-culture-hill-road-bandra-west/photos?utm_source=api_basic_user&utm_medium=api&utm_campaign=v2.1#tabtop,Ink-A-Laugh Presents Bearly Funny,2019-04-11,2019-04-11
336279,18580259,Coffee Culture,https://www.zomato.com/mumbai/coffee-culture-hill-road-bandra-west/photos?utm_source=api_basic_user&utm_medium=api&utm_campaign=v2.1#tabtop,"Stand Up Comedy @ Coffee Culture, Bandra On Every Thursday !",2019-04-18,2019-04-18
335948,18772094,Bombay Adda,https://www.zomato.com/bangalore/bombay-adda-koramangala-7th-block-bangalore/photos?utm_source=api_basic_user&utm_medium=api&utm_campaign=v2.1#tabtop,Ladies & Models Night Ft. DJ Njay,2019-04-11,2019-04-12
335953,18772094,Bombay Adda,https://www.zomato.com/bangalore/bombay-adda-koramangala-7th-block-bangalore/photos?utm_source=api_basic_user&utm_medium=api&utm_campaign=v2.1#tabtop,Friday Night Ft. Kaleem & Basand,2019-04-12,2019-04-13
335954,18772094,Bombay Adda,https://www.zomato.com/bangalore/bombay-adda-koramangala-7th-block-bangalore/photos?utm_source=api_basic_user&utm_medium=api&utm_campaign=v2.1#tabtop,Saturday Night Ft. Kaleem & Basand,2019-04-13,2019-04-14
335989,18772094,Bombay Adda,https://www.zomato.com/bangalore/bombay-adda-koramangala-7th-block-bangalore/photos?utm_source=api_basic_user&utm_medium=api&utm_campaign=v2.1#tabtop,Unplugged Night Ft. Saher,2019-04-14,2019-04-15
334204,18387426,The Black Pearl,https://www.zomato.com/bangalore/the-black-pearl-marathahalli/photos?utm_source=api_basic_user&utm_medium=api&utm_campaign=v2.1#tabtop,Multiple Corporate Offers at the Black Pearl Marathahalli ,2019-04-02,2020-03-31
334206,18387426,The Black Pearl,https://www.zomato.com/bangalore/the-black-pearl-marathahalli/photos?utm_source=api_basic_user&utm_medium=api&utm_campaign=v2.1#tabtop,Early Bird & Late Bird Offers at Black Pearl ,2019-04-02,2020-03-31
334210,18387426,The Black Pearl,https://www.zomato.com/bangalore/the-black-pearl-marathahalli/photos?utm_source=api_basic_user&utm_medium=api&utm_campaign=v2.1#tabtop,Cocktails and Mocktails offers at Black Pearl ,2019-04-02,2020-03-31
336921,54162,The Black Pearl,https://www.zomato.com/bangalore/the-black-pearl-koramangala-5th-block/photos?utm_source=api_basic_user&utm_medium=api&utm_campaign=v2.1#tabtop,Unlimited Alcohol Offers at The Black Pearl,2019-04-08,2020-03-31
336924,54162,The Black Pearl,https://www.zomato.com/bangalore/the-black-pearl-koramangala-5th-block/photos?utm_source=api_basic_user&utm_medium=api&utm_campaign=v2.1#tabtop,"Every 11 pax get 1 free buffet, Every 20 pax get 2 free buffet",2019-04-08,2020-03-31
336929,54162,The Black Pearl,https://www.zomato.com/bangalore/the-black-pearl-koramangala-5th-block/photos?utm_source=api_basic_user&utm_medium=api&utm_campaign=v2.1#tabtop,Early Bird Offer & Full Bottle Offer,2019-04-08,2020-03-31
336932,54162,The Black Pearl,https://www.zomato.com/bangalore/the-black-pearl-koramangala-5th-block/photos?utm_source=api_basic_user&utm_medium=api&utm_campaign=v2.1#tabtop,Sunday Specials at The Black Pearl,2019-04-08,2020-03-31
251427,18595782,The Pallet,https://www.zomato.com/bangalore/the-pallet-whitefield/photos?utm_source=api_basic_user&utm_medium=api&utm_campaign=v2.1#tabtop,The Desi Electrifier Night | Every Wednesday | Ft. DJ 303K | Bollywood Deep House,2019-04-10,2019-04-10
194302,18595782,The Pallet,https://www.zomato.com/bangalore/the-pallet-whitefield/photos?utm_source=api_basic_user&utm_medium=api&utm_campaign=v2.1#tabtop,Planning an office event? | Corporate Packages & Discounts,2019-04-11,2019-04-11
332104,18595782,The Pallet,https://www.zomato.com/bangalore/the-pallet-whitefield/photos?utm_source=api_basic_user&utm_medium=api&utm_campaign=v2.1#tabtop,Live T-20 Sports Screening | Beer Pitchers @ 500/-,2019-04-11,2019-04-11
262407,18595782,The Pallet,https://www.zomato.com/bangalore/the-pallet-whitefield/photos?utm_source=api_basic_user&utm_medium=api&utm_campaign=v2.1#tabtop,BollyEDM Night | This Friday | Ft. DJ Ashwin | EDM and Bollywood Night,2019-04-12,2019-04-12
199069,18595782,The Pallet,https://www.zomato.com/bangalore/the-pallet-whitefield/photos?utm_source=api_basic_user&utm_medium=api&utm_campaign=v2.1#tabtop,Bollywood Night Ft. DJ SAM | Live Dhol Performance,2019-04-13,2019-04-13
206595,18595782,The Pallet,https://www.zomato.com/bangalore/the-pallet-whitefield/photos?utm_source=api_basic_user&utm_medium=api&utm_campaign=v2.1#tabtop,Sunday Brunch,2019-04-14,2019-04-14
288350,18595782,The Pallet,https://www.zomato.com/bangalore/the-pallet-whitefield/photos?utm_source=api_basic_user&utm_medium=api&utm_campaign=v2.1#tabtop,Sunday Rewind | Ft. DJ Sam,2019-04-14,2019-04-14
204342,18595782,The Pallet,https://www.zomato.com/bangalore/the-pallet-whitefield/photos?utm_source=api_basic_user&utm_medium=api&utm_campaign=v2.1#tabtop,Corporate Lunch | Buffet | Monday - Saturday | @ INR 599,2019-04-15,2019-04-15
264218,18595782,The Pallet,https://www.zomato.com/bangalore/the-pallet-whitefield/photos?utm_source=api_basic_user&utm_medium=api&utm_campaign=v2.1#tabtop,Monday Madness | Ft. DJ Sam | Full Day Happy Hours,2019-04-15,2019-04-15
309852,18537585,The Reservoire,https://www.zomato.com/bangalore/the-reservoire-koramangala-5th-block/photos?utm_source=api_basic_user&utm_medium=api&utm_campaign=v2.1#tabtop,Happy Corporate Hours: 15% off! ,2019-04-02,2019-05-07
317312,18537585,The Reservoire,https://www.zomato.com/bangalore/the-reservoire-koramangala-5th-block/photos?utm_source=api_basic_user&utm_medium=api&utm_campaign=v2.1#tabtop,Happy Hours @ Reservoire,2019-04-09,2019-05-26
337463,18537585,The Reservoire,https://www.zomato.com/bangalore/the-reservoire-koramangala-5th-block/photos?utm_source=api_basic_user&utm_medium=api&utm_campaign=v2.1#tabtop,SUNDAY TIKI BRUNCH,2019-04-09,2019-06-09
320441,18727906,XOOX Brewmill,https://www.zomato.com/bangalore/xoox-brewmill-koramangala-5th-block-bangalore/photos?utm_source=api_basic_user&utm_medium=api&utm_campaign=v2.1#tabtop,Happy Hours Menu,2019-04-08,2019-04-30
317384,18727906,XOOX Brewmill,https://www.zomato.com/bangalore/xoox-brewmill-koramangala-5th-block-bangalore/photos?utm_source=api_basic_user&utm_medium=api&utm_campaign=v2.1#tabtop,Plan Your Corporate Event!,2019-04-08,2019-04-30
319262,18727906,XOOX Brewmill,https://www.zomato.com/bangalore/xoox-brewmill-koramangala-5th-block-bangalore/photos?utm_source=api_basic_user&utm_medium=api&utm_campaign=v2.1#tabtop,X019' Match Screening ,2019-04-09,2019-05-05
314958,18727906,XOOX Brewmill,https://www.zomato.com/bangalore/xoox-brewmill-koramangala-5th-block-bangalore/photos?utm_source=api_basic_user&utm_medium=api&utm_campaign=v2.1#tabtop,Unlimited Sparkling Wine Brunch !,2019-04-13,2019-04-30
337514,18880433,BeHive,https://www.zomato.com/pune/behive-hinjawadi/photos?utm_source=api_basic_user&utm_medium=api&utm_campaign=v2.1#tabtop,"queen bees , ladies night",2019-04-10,2019-04-10
337013,6508166,Flying Duck Co.,https://www.zomato.com/pune/flying-duck-co-baner/photos?utm_source=api_basic_user&utm_medium=api&utm_campaign=v2.1#tabtop,Alcoholic Weekdays! ,2019-04-09,2019-04-11
337015,6508166,Flying Duck Co.,https://www.zomato.com/pune/flying-duck-co-baner/photos?utm_source=api_basic_user&utm_medium=api&utm_campaign=v2.1#tabtop,Girls Night Out,2019-04-10,2019-04-10
329559,18740139,Grandmama's Cafe,https://www.zomato.com/pune/grandmamas-cafe-koregaon-park/photos?utm_source=api_basic_user&utm_medium=api&utm_campaign=v2.1#tabtop,Grandma's Quiz Night! ,2019-04-11,2019-04-11
336866,18417624,The Sassy Spoon,https://www.zomato.com/pune/the-sassy-spoon-koregaon-park/photos?utm_source=api_basic_user&utm_medium=api&utm_campaign=v2.1#tabtop,Gossip & Giggles ,2019-04-08,2019-12-31
336867,18417624,The Sassy Spoon,https://www.zomato.com/pune/the-sassy-spoon-koregaon-park/photos?utm_source=api_basic_user&utm_medium=api&utm_campaign=v2.1#tabtop,A Night to Remember ,2019-04-08,2019-12-31
336718,18621437,The FML Lounge,https://www.zomato.com/pune/the-fml-lounge-hinjawadi/photos?utm_source=api_basic_user&utm_medium=api&utm_campaign=v2.1#tabtop,HAPPY DAYS 1+1,2019-04-08,2019-05-31
337114,18536004,Culture - पुणे,https://www.zomato.com/pune/culture-fc-road/photos?utm_source=api_basic_user&utm_medium=api&utm_campaign=v2.1#tabtop,IPL Quiz Night,2019-04-10,2019-04-10
337273,6508323,The Urban Foundry,https://www.zomato.com/pune/the-urban-foundry-baner/photos?utm_source=api_basic_user&utm_medium=api&utm_campaign=v2.1#tabtop,LIVE SCREENING,2019-04-09,2019-04-30
337301,18807262,Broadway,https://www.zomato.com/hyderabad/broadway-jubilee-hills/photos?utm_source=api_basic_user&utm_medium=api&utm_campaign=v2.1#tabtop,Meghna Dundi Trio LIVE,2019-04-10,2019-04-10
336905,18607685,Farzi Cafe,https://www.zomato.com/hyderabad/farzi-cafe-jubilee-hills/photos?utm_source=api_basic_user&utm_medium=api&utm_campaign=v2.1#tabtop,Electronic Fridays with YOGI!,2019-04-12,2019-04-13
333451,18800810,The Black Pearl,https://www.zomato.com/chennai/the-black-pearl-sholinganallur/photos?utm_source=api_basic_user&utm_medium=api&utm_campaign=v2.1#tabtop,Early Bird Offer on Buffet!,2019-04-01,2020-03-31
333452,18800810,The Black Pearl,https://www.zomato.com/chennai/the-black-pearl-sholinganallur/photos?utm_source=api_basic_user&utm_medium=api&utm_campaign=v2.1#tabtop,Corporate Offers at The Black Pearl Chennai,2019-04-01,2020-03-31
333454,18800810,The Black Pearl,https://www.zomato.com/chennai/the-black-pearl-sholinganallur/photos?utm_source=api_basic_user&utm_medium=api&utm_campaign=v2.1#tabtop,Special offers for Senior citizens and Complimentary mocktail per diner!,2019-04-01,2020-03-31
336453,18800810,The Black Pearl,https://www.zomato.com/chennai/the-black-pearl-sholinganallur/photos?utm_source=api_basic_user&utm_medium=api&utm_campaign=v2.1#tabtop,Support Namma CSK,2019-04-07,2019-05-30
337249,18800810,The Black Pearl,https://www.zomato.com/chennai/the-black-pearl-sholinganallur/photos?utm_source=api_basic_user&utm_medium=api&utm_campaign=v2.1#tabtop,Tamil Puthandu in Pirates Style,2019-04-14,2019-04-14
335804,18801082,Farzi Café,https://www.zomato.com/lucknow/farzi-café-1-gomti-nagar/photos?utm_source=api_basic_user&utm_medium=api&utm_campaign=v2.1#tabtop,Saturday Night with DJ SAAD!,2019-04-13,2019-04-14
335809,18801082,Farzi Café,https://www.zomato.com/lucknow/farzi-café-1-gomti-nagar/photos?utm_source=api_basic_user&utm_medium=api&utm_campaign=v2.1#tabtop,Sunday Night with Indie Street Rockers!,2019-04-14,2019-04-15
336239,18439027,Skyhilton,https://www.zomato.com/lucknow/skyhilton-1-alambagh/photos?utm_source=api_basic_user&utm_medium=api&utm_campaign=v2.1#tabtop,Unlimited Navratri Chaat,2019-04-06,2019-04-13
336485,18748726,The Night Jar,https://www.zomato.com/jaipur/the-night-jar-mi-road/photos?utm_source=api_basic_user&utm_medium=api&utm_campaign=v2.1#tabtop,Wow Wednesday,2019-04-10,2019-04-10
334436,102695,Thali and More,https://www.zomato.com/jaipur/thali-and-more-c-scheme/photos?utm_source=api_basic_user&utm_medium=api&utm_campaign=v2.1#tabtop,GOOD MORNING JAIPUR,2019-04-03,2019-04-30
335248,18694731,DND - Daily Nutritional Diet,https://www.zomato.com/chandigarh/dnd-daily-nutritional-diet-phase-3-mohali/photos?utm_source=api_basic_user&utm_medium=api&utm_campaign=v2.1#tabtop,Navratri Special Menu,2019-04-04,2019-04-14
337488,130309,Purple Martini,https://www.zomato.com/goa/purple-martini-anjuna/photos?utm_source=api_basic_user&utm_medium=api&utm_campaign=v2.1#tabtop,Friday Artisans Bazaar with Live Music On SITAR at Purple Martini at Sunset Point,2019-04-12,2019-04-12
337489,130309,Purple Martini,https://www.zomato.com/goa/purple-martini-anjuna/photos?utm_source=api_basic_user&utm_medium=api&utm_campaign=v2.1#tabtop,SAX Sunsets with Saxophonist David Goren DJ Set By Tashi - I at Purple Martini at Sunset Point,2019-04-13,2019-04-13
337490,130309,Purple Martini,https://www.zomato.com/goa/purple-martini-anjuna/photos?utm_source=api_basic_user&utm_medium=api&utm_campaign=v2.1#tabtop,Shanti Sundays with Saxophonist ARTEMIY at Purple Martini at Sunset Point,2019-04-14,2019-04-14
334112,130535,The Fisherman's Wharf,https://www.zomato.com/goa/the-fishermans-wharf-cavelossim/photos?utm_source=api_basic_user&utm_medium=api&utm_campaign=v2.1#tabtop,Mango Mania,2019-04-02,2019-04-30
334112,18685303,The Fisherman's Wharf,https://www.zomato.com/goa/the-fishermans-wharf-calangute/photos?utm_source=api_basic_user&utm_medium=api&utm_campaign=v2.1#tabtop,Mango Mania,2019-04-02,2019-04-30
334112,16541849,The Fisherman's Wharf,https://www.zomato.com/goa/the-fishermans-wharf-panaji/photos?utm_source=api_basic_user&utm_medium=api&utm_campaign=v2.1#tabtop,Mango Mania,2019-04-02,2019-04-30
336304,3301462,Three Beans,https://www.zomato.com/nagpur/three-beans-dharampeth/photos?utm_source=api_basic_user&utm_medium=api&utm_campaign=v2.1#tabtop,GOT FINAL SEASON S08E01,2019-04-15,2019-04-15
336612,18748677,The Civil Kitchen,https://www.zomato.com/nagpur/the-civil-kitchen-civil-lines/photos?utm_source=api_basic_user&utm_medium=api&utm_campaign=v2.1#tabtop,BUY 1 GET 1,2019-04-08,2019-04-30
336615,18748677,The Civil Kitchen,https://www.zomato.com/nagpur/the-civil-kitchen-civil-lines/photos?utm_source=api_basic_user&utm_medium=api&utm_campaign=v2.1#tabtop,Kitty Party ,2019-04-08,2019-06-30
336285,18795312,Juhi's Kitchen,https://www.zomato.com/nagpur/juhis-kitchen-bajaj-nagar/photos?utm_source=api_basic_user&utm_medium=api&utm_campaign=v2.1#tabtop,SPECIAL VEGETARIAN DISHES,2019-04-06,2019-04-17
316246,203518,The Huddle Sports Bar and Grill - Citymax Hotels Bur Dubai,https://www.zomato.com/dubai/the-huddle-sports-bar-and-grill-citymax-hotels-bur-dubai-mankhool/photos?utm_source=api_basic_user&utm_medium=api&utm_campaign=v2.1#tabtop,The Huddle Bollywood Night,2019-04-26,2019-04-27
316249,203518,The Huddle Sports Bar and Grill - Citymax Hotels Bur Dubai,https://www.zomato.com/dubai/the-huddle-sports-bar-and-grill-citymax-hotels-bur-dubai-mankhool/photos?utm_source=api_basic_user&utm_medium=api&utm_campaign=v2.1#tabtop,The Huddle Bollywood Night,2019-04-26,2019-04-27
337390,18650045,Tamarind Terrace,https://www.zomato.com/dubai/tamarind-terrace-al-karama/photos?utm_source=api_basic_user&utm_medium=api&utm_campaign=v2.1#tabtop,Vishu Sadhya,2019-04-15,2019-04-15
335476,209654,Rasoi Ghar,https://www.zomato.com/rasoigharuae/photos?utm_source=api_basic_user&utm_medium=api&utm_campaign=v2.1#tabtop,4th Anniversary Celebration!,2019-04-29,2019-05-01
334878,5604236,Malabar Regency,https://www.zomato.com/sharjah/malabar-regency-abu-shagara/photos?utm_source=api_basic_user&utm_medium=api&utm_campaign=v2.1#tabtop,Traditional Kerala Style Vishu Sadya,2019-04-15,2019-04-15
335542,5702486,Ghee Rice,https://www.zomato.com/abudhabi/ghee-rice-najda/photos?utm_source=api_basic_user&utm_medium=api&utm_campaign=v2.1#tabtop,Vishu Celebration at Ghee Rice,2019-04-14,2019-04-14
298162,7001670,"Eight - Cordis, Auckland Hotel",https://www.zomato.com/auckland/eight-cordis-auckland-hotel-symonds-street/photos?utm_source=api_basic_user&utm_medium=api&utm_campaign=v2.1#tabtop,Chocolate Tuesdays,2019-04-05,2019-08-21
335217,18680113,The Cutt Grill House,https://www.zomato.com/jakarta/the-cutt-grill-house-tebet/photos?utm_source=api_basic_user&utm_medium=api&utm_campaign=v2.1#tabtop,Knowledge is power,2019-04-04,2019-06-01
